Geographic Scope,VDC
Banquereau and Grand Bank,file:///E:\Projects\Python\publications-inventory\VDC_MAP_OBJECTS\PORT\GRAND_BANK.csv
St. Anns Bank,file:///E:\Projects\Python\publications-inventory\VDC_MAP_OBJECTS\PLANNING_AREAS_(OCMD)\ST_ANNS_BANK_INVENTORY_BOX.csv
Atlantic Canada,file:///E:\Projects\Python\publications-inventory\VDC_MAP_OBJECTS\BOUNDARIES\EASTERN_N._AMERICA.csv
Atlantic Ocean,file:///E:\Projects\Python\publications-inventory\VDC_MAP_OBJECTS\BOUNDARIES\EASTERN_N._AMERICA.csv
Atlantic Ocean including Mediterranean,file:///E:\Projects\Python\publications-inventory\VDC_MAP_OBJECTS\REGISTERS_OF_MARINE_SPECIES\NORTH_WEST_ATLANTIC.csv
Bay of Fundy,file:///E:\Projects\Python\publications-inventory\VDC_MAP_OBJECTS\BOUNDARIES\FUNDY_RW_BOX.csv
Canada's coastlines,file:///E:\Projects\Python\publications-inventory\VDC_MAP_OBJECTS\BOUNDARIES\200_MILE_LIMIT_EAST_COAST.csv
Canadian Atlantic and Arctic,file:///E:\Projects\Python\publications-inventory\VDC_MAP_OBJECTS\BOUNDARIES\EASTERN_N._AMERICA.csv
Canadian Atlantic and Pacific,file:///E:\Projects\Python\publications-inventory\VDC_MAP_OBJECTS\REGISTERS_OF_MARINE_SPECIES\CANADA.csv
coastal zone of Eastern Nova Scotia,file:///E:\Projects\Python\publications-inventory\VDC_MAP_OBJECTS\BOUNDARIES\ESS_COAST_gt_lt_200M.csv
Coastal zone of Nova Scotia,file:///E:\Projects\Python\publications-inventory\VDC_MAP_OBJECTS\BOUNDARIES\ESS_COAST_gt_lt_200M.csv
Eastern Georges Bank Atlantic Cod ,file:///E:\Projects\Python\publications-inventory\VDC_MAP_OBJECTS\LOBSTER_ASSESSMENT_AREA\GEORGES_BANK.csv
Eastern Scotian Shelf,file:///E:\Projects\Python\publications-inventory\VDC_MAP_OBJECTS\MISCELLANEOUS\ESS_2.csv
Eastern Scotian Slope,file:///E:\Projects\Python\publications-inventory\VDC_MAP_OBJECTS\MISCELLANEOUS\ESS_2.csv
Emerald Basin,file:///E:\Projects\Python\publications-inventory\VDC_MAP_OBJECTS\MANAGEMENT_AREA\EMERALD_POLY_BOX.csv
Georges Bank,file:///E:\Projects\Python\publications-inventory\VDC_MAP_OBJECTS\LOBSTER_ASSESSMENT_AREA\GEORGES_BANK.csv
"Georges Bank, Browns Bank, Scallop Fishing Area 29, Bay of Fundy, Offshore banks",file:///E:\Projects\Python\publications-inventory\VDC_MAP_OBJECTS\NAFO\4X.csv
German Bank and Scallop Fishing Area 29,file:///E:\Projects\Python\publications-inventory\VDC_MAP_OBJECTS\NAFO\4X.csv
German Bank and Scallop Fishing Area 30,file:///E:\Projects\Python\publications-inventory\VDC_MAP_OBJECTS\NAFO\4X.csv
German Bank,file:///E:\Projects\Python\publications-inventory\VDC_MAP_OBJECTS\NAFO\4X.csv
Gulf of Maine,file:///E:\Projects\Python\publications-inventory\VDC_MAP_OBJECTS\REGISTERS_OF_MARINE_SPECIES\GULF_OF_MAINE.csv
"Gulf of Maine, Southwest Scotian Shelf, Bay of Fundy",file:///E:\Projects\Python\publications-inventory\VDC_MAP_OBJECTS\NAFO\4X.csv
Maritimes,file:///E:\Projects\Python\publications-inventory\VDC_MAP_OBJECTS\PERIMETER_ALERTS\NOVA_SCOTIA_BOX.csv
Maritimes region coastal zone (0-100m),file:///E:\Projects\Python\publications-inventory\VDC_MAP_OBJECTS\BOUNDARIES\200_MILE_LIMIT_EAST_COAST.csv
Mostly inshore Scotian Shelf: waters less than 100 m deep or less than 25 km offshore Nova Scotia between Cape North and Cape Sable Island,file:///E:\Projects\Python\publications-inventory\VDC_MAP_OBJECTS\BOUNDARIES\200_MILE_LIMIT_EAST_COAST.csv
National,file:///E:\Projects\Python\publications-inventory\VDC_MAP_OBJECTS\REGISTERS_OF_MARINE_SPECIES\CANADA.csv
Newfoundland and Labrador,file:///E:\Projects\Python\publications-inventory\VDC_MAP_OBJECTS\CABLES\NFLD_1.csv
Northeast Channel,file:///E:\Projects\Python\publications-inventory\VDC_MAP_OBJECTS\NAFO\4X.csv
Northwest Atlantic Ocean,file:///E:\Projects\Python\publications-inventory\VDC_MAP_OBJECTS\REGISTERS_OF_MARINE_SPECIES\NORTH_WEST_ATLANTIC.csv
offshore Scotian Shelf Bioregion,file:///E:\Projects\Python\publications-inventory\VDC_MAP_OBJECTS\REGISTERS_OF_MARINE_SPECIES\NORTH_WEST_ATLANTIC.csv
"Quoddy Region, Bay of Fundy ",file:///E:\Projects\Python\publications-inventory\VDC_MAP_OBJECTS\REGISTERS_OF_MARINE_SPECIES\BAY_OF_FUNDY.csv
Roseway Basin,file:///E:\Projects\Python\publications-inventory\VDC_MAP_OBJECTS\PORT\ROSEWAY.csv
"Sable, Hay, Round, Noddy, Mud and Flat Islands",file:///E:\Projects\Python\publications-inventory\VDC_MAP_OBJECTS\REGISTERS_OF_MARINE_SPECIES\NORTH_WEST_ATLANTIC.csv
Salmon DUs,pending
Scotian Shelf,file:///E:\Projects\Python\publications-inventory\VDC_MAP_OBJECTS\REGISTERS_OF_MARINE_SPECIES\NORTH_WEST_ATLANTIC.csv
Scotian Shelf and southern Grand Banks,file:///E:\Projects\Python\publications-inventory\VDC_MAP_OBJECTS\REGISTERS_OF_MARINE_SPECIES\NORTH_WEST_ATLANTIC.csv
Scotian Shelf and southern Gulf of St. Lawrence,file:///E:\Projects\Python\publications-inventory\VDC_MAP_OBJECTS\REGISTERS_OF_MARINE_SPECIES\NORTH_WEST_ATLANTIC.csv
Scotian Shelf Bioregion,file:///E:\Projects\Python\publications-inventory\VDC_MAP_OBJECTS\REGISTERS_OF_MARINE_SPECIES\NORTH_WEST_ATLANTIC.csv
Scotian Shelf Bioregion and Georges Bank,file:///E:\Projects\Python\publications-inventory\VDC_MAP_OBJECTS\REGISTERS_OF_MARINE_SPECIES\NORTH_WEST_ATLANTIC.csv
Scotian Shelf Bioregion and Trinidad,file:///E:\Projects\Python\publications-inventory\VDC_MAP_OBJECTS\REGISTERS_OF_MARINE_SPECIES\NORTH_WEST_ATLANTIC.csv
Scotian Shelf bioregion with emphasis in St. Anns Bank,file:///E:\Projects\Python\publications-inventory\VDC_MAP_OBJECTS\REGISTERS_OF_MARINE_SPECIES\NORTH_WEST_ATLANTIC.csv
Scotian Shelf slope,file:///E:\Projects\Python\publications-inventory\VDC_MAP_OBJECTS\REGISTERS_OF_MARINE_SPECIES\NORTH_WEST_ATLANTIC.csv
Southwest Nova Scotia,file:///E:\Projects\Python\publications-inventory\VDC_MAP_OBJECTS\NAFO\4X.csv
Southwest Nova Scotia and Bay of Fundy ,file:///E:\Projects\Python\publications-inventory\VDC_MAP_OBJECTS\NAFO\4X.csv
Western Scotian Shelf,file:///E:\Projects\Python\publications-inventory\VDC_MAP_OBJECTS\NAFO\4X.csv

Arctic Ocean,file:///E:\GitProjects\bio_sci_site\publications\scripts\data\Arctic_polygon.csv
Baffin Island and northern Labrador,file:///E:\GitProjects\bio_sci_site\publications\scripts\data\Baffin_polygon.csv
Cabot Strait,file:///E:\GitProjects\bio_sci_site\publications\scripts\data\Cabot_polygon.csv
Global,file:///E:\GitProjects\bio_sci_site\publications\scripts\data\Global.csv
Minas Basin,file:///E:\GitProjects\bio_sci_site\publications\scripts\data\MinasBasin_polygon.csv
New Brunswick,file:///E:\GitProjects\bio_sci_site\publications\scripts\data\NewBrunswick_polygon.csv
Newfoundland,file:///E:\GitProjects\bio_sci_site\publications\scripts\data\Newfoundland_polygon.csv
lakes in the upper Petite Rivi√©re watershed in southwest Nova Scotia,file:///E:\GitProjects\bio_sci_site\publications\scripts\data\Petite_polygon.csv

continental shelf off the MidAtlantic coast of the USA,"https://www.google.com/maps/@42.9027699,-70.0100582,6.67z"
eastern Arctic,"https://www.google.com/maps/place/Arctic+Ocean/@68.4031877,-88.2910974,3.85z/data=!4m5!3m4!1s0x4e818ae7b7b9dc55:0x73f923b8957d071e!8m2!3d65.2481624!4d-60.4620977"
"Mid-Atlantic Bight, Georges Bank, Browns Bank, German Bank, Sable Island Bank, southern Gulf stock, St. Pierre Bank ","https://www.google.com/maps/@42.9027699,-70.0100582,6.67z"
northeastern estuaries of New Brunswick,"https://www.google.com/maps/place/Musquash+Estuary/@45.155798,-66.3003743,9.96z/data=!4m5!3m4!1s0x4ca634fa2493ad3f:0x5469e671fa650069!8m2!3d45.183474!4d-66.2427763"
Pacific Coast,"https://www.google.com/maps/place/British+Columbia+Coast,+BC/@51.7179834,-136.4454995,5z/data=!3m1!4b1!4m5!3m4!1s0x546d850310b2f899:0xd858b7905de53de4!8m2!3d49.282645!4d-123.1205718"
Saint Lawrence Estuary and Gulf,"https://www.google.com/maps/place/Gulf+of+St+Lawrence/@49.8815868,-64.0479973,6z/data=!4m5!3m4!1s0x4b62ce52010fe6cd:0xdccc18a0af21277b!8m2!3d48.9223503!4d-59.661452"
southern Gulf of St. Lawrence,"https://www.google.com/maps/place/Gulf+of+St+Lawrence/@49.8815868,-64.0479973,6z/data=!4m5!3m4!1s0x4b62ce52010fe6cd:0xdccc18a0af21277b!8m2!3d48.9223503!4d-59.661452"
